DATASET,DIM_MODEL,RUN,B_MAP,B_MAP50,B_MAP75,B_MP,B_MR,S_MAP,S_MAP50,S_MAP75,S_MP,S_MR
data_segmentation,x,val,0.6624768899906042,0.9054628302551109,0.6780076865814004,0.9131090999303606,0.9052940762530682,0.3840832081169943,0.7872526438763329,0.3115436323688932,0.8283177768313156,0.8215292205009271
data_segmentation,l,val2,0.5973152312399341,0.8814337344634103,0.614216611339703,0.9054194750229488,0.8936586144992829,0.36420950950007996,0.7713337105373415,0.2869692528159678,0.8204367948266362,0.812122746989894
data_segmentation,m,val3,0.6171644153360805,0.8907142113239881,0.6348898741647473,0.9012035406712082,0.8894472561494087,0.36589304163075326,0.768342170303214,0.28934056776062045,0.8161111295483237,0.8054088291673452
data_segmentation,s,val4,0.5884787129226976,0.892554990961533,0.607635161584721,0.9062873290445411,0.8945370285494535,0.3578891514161053,0.765263098349264,0.27542715732469625,0.8164554925928715,0.8056848195816907
data_segmentation,n,val5,0.5579974579668578,0.8713485769539162,0.5814624770431844,0.8925719938746707,0.8726888569277355,0.34276081280589155,0.7436053552373598,0.2600412313404951,0.8095855315421101,0.7838717611546416
