DATASET,DIM_MODEL,RUN,MAP,MAP50,MAP75,MP,MR
dataset_all,x,val,0.6767670634207589,0.9093751972372379,0.6829651640844339,0.9108150770152832,0.9115750993519334
dataset_all,l,val2,0.6777138905510272,0.9123251641108069,0.6852546299041349,0.9184904706613957,0.9153513689779444
dataset_all,m,val3,0.663720103213371,0.903955403725725,0.6807790786225802,0.9133710612765609,0.9114583121077318
dataset_all,s,val4,0.6214456824660644,0.8914793060349839,0.6435685099307697,0.9083949600860487,0.8976261146363089
dataset_all,n,val5,0.5792830219904971,0.8777064582518269,0.5950856725023617,0.8977292171562374,0.8821591844121112
